{"cx":279.55318639628229,"distCoeffs":[0.17618004838400841,-0.50595531791980808,0.0064169516324066476,0.0063537920362014277,0.49173132267260478],"fy":667.85399457706797,"cy":500.74242653012982,"fx":666.47110296111566}
