{"name": "Cap Tracker", "markers": {"1": [[0.0160476, 0.0508134, 0.0160476], [-0.0160476, 0.0508134, 0.0160476], [-0.0160476, 0.0508134, -0.0160476], [0.0160476, 0.0508134, -0.0160476]], "2": [[0.04727786649691376, 0.024583132933375277, 0.0160476], [0.024583132933375277, 0.04727786649691376, 0.0160476], [0.024583132933375277, 0.04727786649691376, -0.0160476], [0.04727786649691376, 0.024583132933375277, -0.0160476]], "3": [[0.0508134, -0.016047599999999995, 0.0160476], [0.0508134, 0.016047600000000002, 0.0160476], [0.0508134, 0.016047600000000002, -0.0160476], [0.0508134, -0.016047599999999995, -0.0160476]], "4": [[0.02458313293337528, -0.04727786649691375, 0.0160476], [0.047277866496913755, -0.02458313293337527, 0.0160476], [0.047277866496913755, -0.02458313293337527, -0.0160476], [0.02458313293337528, -0.04727786649691375, -0.0160476]], "5": [[-0.01604759999999999, -0.0508134, 0.0160476], [0.016047600000000006, -0.0508134, 0.0160476], [0.016047600000000006, -0.0508134, -0.0160476], [-0.01604759999999999, -0.0508134, -0.0160476]], "6": [[-0.047277866496913755, -0.024583132933375287, 0.0160476], [-0.024583132933375267, -0.04727786649691376, 0.0160476], [-0.024583132933375267, -0.04727786649691376, -0.0160476], [-0.047277866496913755, -0.024583132933375287, -0.0160476]], "7": [[-0.0508134, 0.016047599999999988, 0.0160476], [-0.0508134, -0.01604760000000001, 0.0160476], [-0.0508134, -0.01604760000000001, -0.0160476], [-0.0508134, 0.016047599999999988, -0.0160476]], "8": [[-0.024583132933375287, 0.04727786649691375, 0.0160476], [-0.04727786649691376, 0.02458313293337526, 0.0160476], [-0.04727786649691376, 0.02458313293337526, -0.0160476], [-0.024583132933375287, 0.04727786649691375, -0.0160476]], "9": [[0.0160476, 0.024583132933375277, 0.04727786649691376], [-0.0160476, 0.024583132933375277, 0.04727786649691376], [-0.0160476, 0.04727786649691376, 0.024583132933375277], [0.0160476, 0.04727786649691376, 0.024583132933375277]], "10": [[0.024583132933375277, -0.016047599999999995, 0.04727786649691376], [0.024583132933375277, 0.016047600000000002, 0.04727786649691376], [0.04727786649691376, 0.016047600000000002, 0.024583132933375277], [0.04727786649691376, -0.016047599999999995, 0.024583132933375277]], "11": [[-0.016047599999999995, -0.024583132933375277, 0.04727786649691376], [0.016047600000000002, -0.024583132933375277, 0.04727786649691376], [0.016047600000000002, -0.04727786649691376, 0.024583132933375277], [-0.016047599999999995, -0.04727786649691376, 0.024583132933375277]], "12": [[-0.024583132933375277, 0.016047599999999995, 0.04727786649691376], [-0.024583132933375277, -0.016047600000000002, 0.04727786649691376], [-0.04727786649691376, -0.01604760000000001, 0.024583132933375277], [-0.04727786649691376, 0.016047599999999988, 0.024583132933375277]], "13": [[0.0160476, -0.016047599999999995, 0.0508134], [-0.0160476, -0.016047599999999995, 0.0508134], [-0.0160476, 0.016047600000000002, 0.0508134], [0.0160476, 0.016047600000000002, 0.0508134]]}}