{"name": "Cap Tracker", "markers": {"1": [[-0.0255, 0.036, 0.0255], [0.0255, 0.036, 0.0255], [0.0255, 0.036, -0.0255], [-0.0255, 0.036, -0.0255]], "2": [[0.036, 0.025500000000000002, 0.0255], [0.036, -0.025499999999999995, 0.0255], [0.036, -0.025499999999999995, -0.0255], [0.036, 0.025500000000000002, -0.0255]], "3": [[0.025500000000000002, -0.036, 0.0255], [-0.025499999999999995, -0.036, 0.0255], [-0.025499999999999995, -0.036, -0.0255], [0.025500000000000002, -0.036, -0.0255]], "4": [[-0.03599999999999999, -0.025500000000000005, 0.0255], [-0.036000000000000004, 0.02549999999999999, 0.0255], [-0.036000000000000004, 0.02549999999999999, -0.0255], [-0.03599999999999999, -0.025500000000000005, -0.0255]], "5": [[-0.0255, -0.025499999999999995, 0.036], [0.0255, -0.025499999999999995, 0.036], [0.0255, 0.025500000000000002, 0.036], [-0.0255, 0.025500000000000002, 0.036]]}}