{"name": "Ring Tracker", "markers": {"1": [[0.015, 0.055, -0.015], [0.015, 0.055, 0.015], [-0.015, 0.055, 0.015], [-0.015, 0.055, -0.015]], "2": [[0.04949747468305833, 0.0282842712474619, -0.015], [0.04949747468305833, 0.0282842712474619, 0.015], [0.0282842712474619, 0.04949747468305833, 0.015], [0.0282842712474619, 0.04949747468305833, -0.015]], "3": [[0.055, -0.014999999999999996, -0.015], [0.055, -0.014999999999999996, 0.015], [0.055, 0.015000000000000003, 0.015], [0.055, 0.015000000000000003, -0.015]], "4": [[0.028284271247461905, -0.04949747468305832, -0.015], [0.028284271247461905, -0.04949747468305832, 0.015], [0.049497474683058325, -0.028284271247461894, 0.015], [0.049497474683058325, -0.028284271247461894, -0.015]], "5": [[-0.014999999999999993, -0.055, -0.015], [-0.014999999999999993, -0.055, 0.015], [0.015000000000000006, -0.055, 0.015], [0.015000000000000006, -0.055, -0.015]], "6": [[-0.049497474683058325, -0.028284271247461912, -0.015], [-0.049497474683058325, -0.028284271247461912, 0.015], [-0.02828427124746189, -0.04949747468305833, 0.015], [-0.02828427124746189, -0.04949747468305833, -0.015]], "7": [[-0.055, 0.014999999999999989, -0.015], [-0.055, 0.014999999999999989, 0.015], [-0.055, -0.01500000000000001, 0.015], [-0.055, -0.01500000000000001, -0.015]], "8": [[-0.028284271247461912, 0.049497474683058325, -0.015], [-0.028284271247461912, 0.049497474683058325, 0.015], [-0.04949747468305833, 0.02828427124746189, 0.015], [-0.04949747468305833, 0.02828427124746189, -0.015]]}}